{"update": 1999, "total_loss": 0.14779376983642578, "policy_loss": 0.0025454459246248007, "value_loss": 0.14524832367897034, "entropy": 0.5090895891189575, "explained_variance": -0.10053062438964844, "mean_reward": -0.015625, "recent_episode_count": 158, "ppo_ratio_mean": 1.0, "clipped_fraction": 0.0, "kl_divergence": -5.414784709500964e-08, "_timestamp": 1748904378.118575, "_runtime": 1820.3913261890411, "_step": 2158, "episode_reward": -21.0, "episode_count": 158, "max_reward": -18.0, "update_step": 1993, "final_test_reward": -20.0, "avg_reward_last_100_episodes": -20.35, "avg_reward_last_50_episodes": -20.14, "max_reward_achieved": -18.0, "min_reward_achieved": -21.0, "improvement_score": 0.33999999999999986, "total_training_time_minutes": 30.113747668266296, "total_episodes": 1989, "_wandb": {"runtime": 1819}}