{"update": 2777, "total_loss": 0.1830214112997055, "policy_loss": -0.007537617813795805, "value_loss": 0.1905590295791626, "entropy": 1.6756421327590942, "explained_variance": -0.0007413625717163086, "mean_reward": -0.020833333333333332, "recent_episode_count": 604, "_timestamp": 1748942322.1867676, "_runtime": 7736.089959621429, "_step": 3381, "episode_reward": -21.0, "episode_count": 604, "max_reward": -17.0, "update_step": 2775, "_wandb": {"runtime": 7735}}