{"update": 926, "total_loss": 0.07884645462036133, "policy_loss": 0.008809668943285942, "value_loss": 0.07003678381443024, "entropy": 1.7619304656982422, "explained_variance": -0.35996294021606445, "mean_reward": -0.03125, "recent_episode_count": 71, "ppo_ratio_mean": 1.0, "clipped_fraction": 0.0, "kl_divergence": -6.585749190435308e-08, "_timestamp": 1748885312.8120759, "_runtime": 865.7518517971039, "_step": 997, "episode_reward": -20.0, "episode_count": 71, "max_reward": -19.0, "update_step": 919, "_wandb": {"runtime": 865}}