{"update": 2999, "total_loss": 0.05737403407692909, "policy_loss": -0.04788561165332794, "value_loss": 0.10525964200496674, "entropy": 1.7622532844543457, "explained_variance": -0.1768559217453003, "mean_reward": -0.03125, "recent_episode_count": 426, "_timestamp": 1748934569.8784788, "_runtime": 5228.464530706406, "_step": 3426, "episode_reward": -21.0, "episode_count": 426, "max_reward": -18.0, "update_step": 2996, "final_test_reward": -19.0, "max_reward_achieved": -18.0, "min_reward_achieved": -21.0, "overall_improvement": -0.21999999999999886, "first_50_avg": -20.64, "last_50_avg": -20.86, "stability_score": 4.363525334361217, "final_score": 29.067050668722437, "total_training_time_minutes": 86.82896877924601, "total_episodes": 2995, "_wandb": {"runtime": 5227}}