{"negative_rewards":21,"action_0_count":1681,"final_model_saved":true,"episode_duration":1105.4163596630096,"exploration_ratio":0.049845307665864556,"positive_rewards":8,"final_max_score":2,"final_model_name":"pong_dqn_final_20250604_042306.hdf5","_runtime":34733.1600168,"steps_per_second":5.263175227272409,"final_epsilon":0.04999600000001746,"_timestamp":1.7489785869065871e+09,"q_value_std":0.0030935783870518208,"action_3_count":2217,"memory_usage_ratio":0.31924933333333333,"total_learns":189344,"score":-13,"target_model_updated":180000,"target_updates_count":18,"final_avg_score":-7.933333333333334,"_wandb":{"runtime":34733},"learning_step":189300,"episode_reward_sum":-13,"loss_std":0.0005013250546098795,"epsilon":0.04999600000001746,"total_timesteps":239347,"current_loss":0.00011089169856859371,"max_score":2,"total_episodes":30,"learns_count":189344,"_step":1941,"avg_score_100":-7.933333333333334,"action_2_count":1920,"episode":29,"q_value_mean":0.08675595372915268,"memory_size":239437,"episode_steps":5818,"final_memory_size":239437,"avg_loss_100":0.000252132663372322}