{"update": 2999, "total_loss": 0.20712487399578094, "policy_loss": -0.01700553297996521, "value_loss": 0.22413040697574615, "entropy": 1.7598413228988647, "explained_variance": -0.7603821754455566, "mean_reward": -0.0234375, "recent_episode_count": 426, "_timestamp": 1748913667.000891, "_runtime": 5371.236727952957, "_step": 3426, "episode_reward": -21.0, "episode_count": 426, "max_reward": -17.0, "update_step": 2999, "final_test_reward": -21.0, "max_reward_achieved": -17.0, "min_reward_achieved": -21.0, "overall_improvement": -0.46000000000000085, "first_50_avg": -20.3, "last_50_avg": -20.76, "stability_score": 4.285927174582312, "final_score": 30.191854349164622, "total_training_time_minutes": 89.24540588061015, "total_episodes": 2991, "_wandb": {"runtime": 5370}}