{"# Update": 133, "policy_loss": 0.2892793118953705, "value_loss": 0.3793681263923645, "total_loss": 0.6686474084854126, "entropy": 1.7887094020843506, "mean_return": -1.4036927004385085, "mean_advantage": 1.1102230246251565e-16, "mean_reward": -0.0234375, "_timestamp": 1748881438.504436, "_runtime": 803.4192130565643, "_step": 170, "Game number": 37, "% Update": 0.13, "Reward": -21.0, "Time taken": 1.78, "_wandb": {"runtime": 822}}