{"update": 1999, "total_loss": 0.23616838455200195, "policy_loss": 0.0002151223161490634, "value_loss": 0.23595324158668518, "entropy": 0.021512232720851898, "explained_variance": -8.571147918701172e-05, "mean_reward": -0.0234375, "recent_episode_count": 312, "ppo_ratio_mean": 1.0, "clipped_fraction": 0.0, "kl_divergence": -5.2821967244653933e-08, "_timestamp": 1748888881.8442402, "_runtime": 3415.032295227051, "_step": 2312, "episode_reward": -21.0, "episode_count": 312, "max_reward": -19.0, "update_step": 1995, "final_test_reward": -21.0, "avg_reward_last_100_episodes": -21.0, "avg_reward_last_50_episodes": -21.0, "max_reward_achieved": -19.0, "min_reward_achieved": -21.0, "improvement_score": -0.14000000000000057, "total_training_time_minutes": 56.704587872823076, "total_episodes": 1994, "_wandb": {"runtime": 3414}}