{"update": 1999, "total_loss": 0.04512621834874153, "policy_loss": 0.0007863596547394991, "value_loss": 0.0443398579955101, "entropy": 0.07863540947437286, "explained_variance": -0.49276459217071533, "mean_reward": -0.015625, "recent_episode_count": 159, "ppo_ratio_mean": 1.0, "clipped_fraction": 0.0, "kl_divergence": -5.057031415844904e-08, "_timestamp": 1748884430.831726, "_runtime": 1899.3989391326904, "_step": 2159, "episode_reward": -21.0, "episode_count": 159, "max_reward": -19.0, "update_step": 1989, "final_test_reward": -21.0, "avg_reward_last_100_episodes": -21.0, "max_reward_achieved": -19.0, "total_training_time_minutes": 31.436001710096996, "total_episodes": 1987, "_wandb": {"runtime": 1898}}