{"# Update": 215, "policy_loss": 0.2941981256008148, "value_loss": 0.043257374316453934, "total_loss": 0.33745551109313965, "entropy": 1.7460615634918213, "mean_return": -2.4486158000297467, "mean_advantage": -4.163336342344337e-17, "mean_reward": -0.02734375, "_timestamp": 1748882222.3325896, "_runtime": 725.0603747367859, "_step": 274, "Game number": 60, "% Update": 0.43, "Reward": -21.0, "Time taken": 0.46, "_wandb": {"runtime": 736}}