{"update": 583, "total_loss": 0.27312687039375305, "policy_loss": 0.01156730018556118, "value_loss": 0.2615595757961273, "entropy": 1.1567296981811523, "explained_variance": 0.00017130374908447266, "mean_reward": -0.021484375, "recent_episode_count": 350, "ppo_ratio_mean": 1.0, "clipped_fraction": 0.0, "kl_divergence": -4.3947224526164064e-08, "_timestamp": 1748908212.6699655, "_runtime": 3817.20130944252, "_step": 933, "episode_reward": -21.0, "episode_count": 350, "max_reward": -18.0, "update_step": 582, "_wandb": {"runtime": 3817}}