{"update": 2999, "total_loss": 0.16363060474395752, "policy_loss": -0.01651942916214466, "value_loss": 0.18015003204345703, "entropy": 1.7720060348510742, "explained_variance": -0.37930166721343994, "mean_reward": -0.03125, "recent_episode_count": 430, "_timestamp": 1748919209.684773, "_runtime": 5521.615447044373, "_step": 3430, "episode_reward": -20.0, "episode_count": 430, "max_reward": -17.0, "update_step": 2996, "final_test_reward": -20.0, "max_reward_achieved": -17.0, "min_reward_achieved": -21.0, "overall_improvement": -0.09999999999999787, "first_50_avg": -20.46, "last_50_avg": -20.56, "stability_score": 4.289296123550743, "final_score": 31.278592247101493, "total_training_time_minutes": 91.76282964944839, "total_episodes": 2992, "_wandb": {"runtime": 5520}}