{"update": 1999, "total_loss": 0.16269062459468842, "policy_loss": -0.03213876113295555, "value_loss": 0.19482938945293427, "entropy": 1.7655503749847412, "explained_variance": -0.2537989616394043, "mean_reward": -0.0234375, "recent_episode_count": 283, "_timestamp": 1748902540.257723, "_runtime": 3479.9410331249237, "_step": 2283, "episode_reward": -20.0, "episode_count": 283, "max_reward": -17.0, "update_step": 1999, "final_test_reward": -21.0, "avg_reward_last_100_episodes": -20.11, "avg_reward_last_50_episodes": -20.24, "max_reward_achieved": -17.0, "min_reward_achieved": -21.0, "improvement_score": 0.75, "total_training_time_minutes": 57.77338585058848, "total_episodes": 1993, "_wandb": {"runtime": 3479}}