{"update": 2999, "total_loss": 0.1655287891626358, "policy_loss": -0.015586026012897491, "value_loss": 0.1811148077249527, "entropy": 1.7195854187011719, "explained_variance": 0.015905678272247314, "mean_reward": -0.01953125, "recent_episode_count": 846, "_timestamp": 1748929324.6314235, "_runtime": 10096.866053581238, "_step": 3846, "episode_reward": -20.0, "episode_count": 846, "max_reward": -17.0, "update_step": 2997, "final_test_reward": -19.0, "max_reward_achieved": -17.0, "min_reward_achieved": -21.0, "overall_improvement": 0.29999999999999716, "first_50_avg": -20.74, "last_50_avg": -20.44, "stability_score": 4.314726332039528, "final_score": 32.529452664079045, "total_training_time_minutes": 167.99419908126194, "total_episodes": 2997, "_wandb": {"runtime": 10095}}